{"Train Accuracy": 0.6966145908646588, "Train Loss": 1.0923486427137614, "_runtime": 43, "_timestamp": 1644898356, "_step": 0, "_wandb": {"runtime": 41}}