{"0\u4e2a\u5ba2\u6237\u7aefTrain Accuracy": [0.7499840938405566, 0.7925605446268993, 0.7927687707141576, 0.7925547605689199], "0\u4e2a\u5ba2\u6237\u7aefTrain Loss": [1.1312450220989352, 1.2243779431282242, 0.9218765441708705, 0.7379231787317991], "_runtime": 226, "_timestamp": 1644900838, "_step": 1, "1\u4e2a\u5ba2\u6237\u7aefTrain Accuracy": [0.7849821849983805, 0.7922065152005923, 0.7921081856461987, 0.792085049280459], "1\u4e2a\u5ba2\u6237\u7aefTrain Loss": [1.060957892920406, 1.1757342311941124, 0.9848364422170288, 0.7913487561098447], "_wandb": {"runtime": 231}}