{"Train Accuracy": 0.6779610038811029, "Train Loss": 1.1350775811299585, "_runtime": 49, "_timestamp": 1644898787, "_step": 0, "_wandb": {"runtime": 47}}