{"0\u4e2a\u5ba2\u6237\u7aefTrain Accuracy": 0.7925374083949818, "0\u4e2a\u5ba2\u6237\u7aefTrain Loss": 0.6871507715124352, "_runtime": 186, "_timestamp": 1644901205, "_step": 7, "1\u4e2a\u5ba2\u6237\u7aefTrain Accuracy": 0.8149784831798621, "1\u4e2a\u5ba2\u6237\u7aefTrain Loss": 0.5517862041345393, "_wandb": {"runtime": 186}}