{"Train Accuracy": 0.7994956301441966, "Train Loss": 1.0257981262074976, "_runtime": 42, "_timestamp": 1644896921, "_step": 0, "_wandb": {"runtime": 41}}