{"Train Accuracy": 0.7631081213958089, "Train Loss": 1.0726564189079015, "_runtime": 49, "_timestamp": 1644896777, "_step": 0, "_wandb": {"runtime": 48}}