{"Train Accuracy": 0.6708581806824032, "Train Loss": 1.1338878324377704, "_runtime": 47, "_timestamp": 1644898714, "_step": 0, "_wandb": {"runtime": 45}}