{"Train Accuracy": 0.7921544583776781, "Train Loss": 0.5944955547080654, "_runtime": 225, "_timestamp": 1644900113, "_step": 15, "\u6d4b\u8bd5\u60c5\u51b5\uff1a": "\u805a\u5408\u540e\u6d4b\u8bd5", "client": 2, "Test/Acc": 0.7941049449362989, "Test/Loss": 1.1177359405487513, "_wandb": {"runtime": 220}}