{"Train Accuracy": 0.7252398938046954, "Train Loss": 1.045967131834142, "_runtime": 41, "_timestamp": 1644898493, "_step": 0, "_wandb": {"runtime": 41}}