{"0\u4e2a\u5ba2\u6237\u7aefTrain Accuracy": 0.7921325243364239, "0\u4e2a\u5ba2\u6237\u7aefTrain Loss": 0.6948043969193911, "_runtime": 370, "_timestamp": 1644901635, "_step": 7, "1\u4e2a\u5ba2\u6237\u7aefTrain Accuracy": 0.7921024015547637, "1\u4e2a\u5ba2\u6237\u7aefTrain Loss": 0.691923786343774, "_wandb": {"runtime": 378}}